<?xml version = '1.0' encoding = 'UTF-8'?>
<FKIndexAssociation class="oracle.dbtools.crest.model.design.relational.FKIndexAssociation" directorySegmentName="seg_0" id="432964EB-D2EF-A6A9-750E-1C3459FE9A85" containerWithKeyObject="2F8FB1F0-CDCF-49EE-A464-D8C89B9E0856" localFKIndex="D49E4552-8CA9-51C3-119F-65E4214DCDE0" name="user_group_user_FK">
<createdBy>awarhoka</createdBy>
<createdTime>2018-05-28 19:56:06 UTC</createdTime>
<generatorID>EC4CD1CD-8852-70B1-6F22-B0C66B711E48</generatorID>
<ownerDesignName>data_model</ownerDesignName>
<referredTableLongName>user</referredTableLongName>
<deleteRule>NO ACTION</deleteRule>
<referredTableID>3D78E649-4449-EA0E-082E-3450F924AC22</referredTableID>
<keyObject>DB018798-B25C-1E77-1D10-4C66C9B1D1B2</keyObject>
<referredKeyID>DB018798-B25C-1E77-1D10-4C66C9B1D1B2</referredKeyID>
<mandatory>true</mandatory>
<refColNames>user_id</refColNames>
<transferable>true</transferable>
<rely>false</rely>
<columnDependencyConstraintGenerateInDDL>true</columnDependencyConstraintGenerateInDDL>
</FKIndexAssociation>