<?xml version = '1.0' encoding = 'UTF-8'?>
<Diagram class="oracle.dbtools.crest.swingui.logical.DPVLogical" name="Logical" id="E81E2C74-E6CA-FCA4-371A-4AA6FAFFEBFB">
<createdBy>awarhoka</createdBy>
<modifiedBy>awarhoka</modifiedBy>
<createdTime>2018-05-28 17:36:45 UTC</createdTime>
<autoRoute>false</autoRoute>
<boxInbox>true</boxInbox>
<showLegend>false</showLegend>
<showLabels>false</showLabels>
<showRelAttributes>false</showRelAttributes>
<gridEnabled>false</gridEnabled>
<showGrid>false</showGrid>
<diagramColor>-1</diagramColor>
<display>false</display>
<notation>1</notation>
<objectViews>
<OView class="oracle.dbtools.crest.swingui.logical.TVEntity" oid="0CCB5FBD-8841-C72A-DFAA-2A56CC8A73E0" otype="Entity" vid="73237365-4A31-A99C-2DC5-38286791D8A7">
<hideElementsInCurrentOnly>false</hideElementsInCurrentOnly>
<bounds x="15" y="187" width="269" height="169"/>
</OView>
<OView class="oracle.dbtools.crest.swingui.logical.TVEntity" oid="103EDD08-7AF6-4AA1-978D-67F0B6557698" otype="Entity" vid="A2EC9C70-79BA-C595-B5A9-042C712E97EF">
<hideElementsInCurrentOnly>false</hideElementsInCurrentOnly>
<bounds x="19" y="520" width="342" height="190"/>
</OView>
<OView class="oracle.dbtools.crest.swingui.logical.TVEntity" oid="173D1FBF-C250-2CBB-75D3-0D3F430FBDC3" otype="Entity" vid="5305DCCB-1948-7173-CC4F-EF2747F4F39C">
<hideElementsInCurrentOnly>false</hideElementsInCurrentOnly>
<bounds x="1080" y="250" width="311" height="154"/>
</OView>
<OView class="oracle.dbtools.crest.swingui.logical.TVEntity" oid="46CBA9D9-124F-EA1F-A8B9-408A12EB2449" otype="Entity" vid="F9B22E15-435F-7039-1D29-B6942E84ECFC">
<hideElementsInCurrentOnly>false</hideElementsInCurrentOnly>
<bounds x="1081" y="101" width="191" height="74"/>
</OView>
<OView class="oracle.dbtools.crest.swingui.logical.TVEntity" oid="929F0AF9-36AE-2467-D41C-41558530CB7A" otype="Entity" vid="7396758E-137C-ACFA-F23B-30E6AC855D85">
<hideElementsInCurrentOnly>false</hideElementsInCurrentOnly>
<bounds x="649" y="188" width="297" height="207"/>
</OView>
<OView class="oracle.dbtools.crest.swingui.logical.TVEntity" oid="9AF77E46-BC5F-72F6-32AB-A9655B164FE0" otype="Entity" vid="E07E47FE-EAA5-0C9A-ECE8-E1E68DD1AF42">
<hideElementsInCurrentOnly>false</hideElementsInCurrentOnly>
<bounds x="435" y="533" width="328" height="161"/>
</OView>
<OView class="oracle.dbtools.crest.swingui.logical.TVEntity" oid="C0162CA8-0303-6CB9-246E-29D28D084403" otype="Entity" vid="843C1017-A08A-73F9-EAD5-DD32972DA596">
<hideElementsInCurrentOnly>false</hideElementsInCurrentOnly>
<bounds x="1023" y="546" width="396" height="136"/>
</OView>
<OView class="oracle.dbtools.crest.swingui.logical.TVEntity" oid="ED5231D3-9DAC-064E-A81F-6DF24E8C0549" otype="Entity" vid="15D82735-2D3D-D6EE-E7F8-9FC920D96170">
<hideElementsInCurrentOnly>false</hideElementsInCurrentOnly>
<bounds x="335" y="191" width="242" height="151"/>
</OView>
</objectViews>
<connectors>
<Connector class="oracle.dbtools.crest.swingui.logical.TVRelation" oid="101261E2-6464-5C10-52BE-3A05B10DF94F" otype="Relation" vid_source="5305DCCB-1948-7173-CC4F-EF2747F4F39C" vid_target="E07E47FE-EAA5-0C9A-ECE8-E1E68DD1AF42">
<hideElementsInCurrentOnly>false</hideElementsInCurrentOnly>
<backgroundColor>-16777216</backgroundColor>
<lineWidth>1</lineWidth>
<points>
<point x="1080" y="396"/>
<point x="763" y="539"/>
</points>
</Connector>
<Connector class="oracle.dbtools.crest.swingui.logical.TVRelation" oid="84FDF76B-ABDF-701E-684F-06C411579144" otype="Relation" vid_source="15D82735-2D3D-D6EE-E7F8-9FC920D96170" vid_target="A2EC9C70-79BA-C595-B5A9-042C712E97EF">
<hideElementsInCurrentOnly>false</hideElementsInCurrentOnly>
<backgroundColor>-16777216</backgroundColor>
<lineWidth>1</lineWidth>
<points>
<point x="348" y="342"/>
<point x="348" y="520"/>
</points>
</Connector>
<Connector class="oracle.dbtools.crest.swingui.logical.TVRelation" oid="9207ED20-405E-4BE0-F721-C8D912D480E6" otype="Relation" vid_source="73237365-4A31-A99C-2DC5-38286791D8A7" vid_target="A2EC9C70-79BA-C595-B5A9-042C712E97EF">
<hideElementsInCurrentOnly>false</hideElementsInCurrentOnly>
<backgroundColor>-16777216</backgroundColor>
<lineWidth>1</lineWidth>
<points>
<point x="151" y="356"/>
<point x="151" y="520"/>
</points>
</Connector>
<Connector class="oracle.dbtools.crest.swingui.logical.TVRelation" oid="9AA36BFC-FD84-D750-C6E1-44EBE34DF409" otype="Relation" vid_source="7396758E-137C-ACFA-F23B-30E6AC855D85" vid_target="E07E47FE-EAA5-0C9A-ECE8-E1E68DD1AF42">
<hideElementsInCurrentOnly>false</hideElementsInCurrentOnly>
<backgroundColor>-16777216</backgroundColor>
<lineWidth>1</lineWidth>
<points>
<point x="649" y="395"/>
<point x="537" y="533"/>
</points>
</Connector>
<Connector class="oracle.dbtools.crest.swingui.logical.TVRelation" oid="BBEE7DAC-7B31-E0C4-EA75-56E6710C1DB7" otype="Relation" vid_source="5305DCCB-1948-7173-CC4F-EF2747F4F39C" vid_target="843C1017-A08A-73F9-EAD5-DD32972DA596">
<hideElementsInCurrentOnly>false</hideElementsInCurrentOnly>
<backgroundColor>-16777216</backgroundColor>
<lineWidth>1</lineWidth>
<points>
<point x="1235" y="404"/>
<point x="1235" y="546"/>
</points>
</Connector>
<Connector class="oracle.dbtools.crest.swingui.logical.TVRelation" oid="BF7D039D-3CE8-1691-141B-93C69D23C9CA" otype="Relation" vid_source="15D82735-2D3D-D6EE-E7F8-9FC920D96170" vid_target="E07E47FE-EAA5-0C9A-ECE8-E1E68DD1AF42">
<hideElementsInCurrentOnly>false</hideElementsInCurrentOnly>
<backgroundColor>-16777216</backgroundColor>
<lineWidth>1</lineWidth>
<points>
<point x="422" y="342"/>
<point x="435" y="533"/>
</points>
</Connector>
<Connector class="oracle.dbtools.crest.swingui.logical.TVRelation" oid="CA77695E-96B1-D833-CDDA-06FD2940D622" otype="Relation" vid_source="7396758E-137C-ACFA-F23B-30E6AC855D85" vid_target="F9B22E15-435F-7039-1D29-B6942E84ECFC">
<hideElementsInCurrentOnly>false</hideElementsInCurrentOnly>
<backgroundColor>-16777216</backgroundColor>
<lineWidth>1</lineWidth>
<points>
<point x="946" y="231"/>
<point x="1130" y="175"/>
</points>
</Connector>
<Connector class="oracle.dbtools.crest.swingui.logical.TVRelation" oid="EC4CD1CD-8852-70B1-6F22-B0C66B711E48" otype="Relation" vid_source="7396758E-137C-ACFA-F23B-30E6AC855D85" vid_target="843C1017-A08A-73F9-EAD5-DD32972DA596">
<hideElementsInCurrentOnly>false</hideElementsInCurrentOnly>
<backgroundColor>-16777216</backgroundColor>
<lineWidth>1</lineWidth>
<points>
<point x="933" y="395"/>
<point x="1146" y="546"/>
</points>
</Connector>
</connectors>
<displays>
<Display class="oracle.dbtools.crest.swingui.logical.DPVLogical" name="Display_1" id="1D422ECD-95E5-B7E6-DDD5-952CE9D4E35D">
<createdBy>awarhoka</createdBy>
<modifiedBy>awarhoka</modifiedBy>
<createdTime>2018-05-28 18:58:34 UTC</createdTime>
<autoRoute>false</autoRoute>
<boxInbox>true</boxInbox>
<showLegend>false</showLegend>
<showLabels>false</showLabels>
<showRelAttributes>false</showRelAttributes>
<gridEnabled>false</gridEnabled>
<showGrid>false</showGrid>
<diagramColor>-1</diagramColor>
<display>true</display>
<notation>1</notation>
<objectViews>
<OView class="oracle.dbtools.crest.swingui.logical.TVEntity" oid="0CCB5FBD-8841-C72A-DFAA-2A56CC8A73E0" otype="Entity" vid="CD7D05EA-1E97-2DD1-3620-5859F9CF3CEB">
<hideElementsInCurrentOnly>false</hideElementsInCurrentOnly>
<bounds x="85" y="229" width="141" height="110"/>
</OView>
<OView class="oracle.dbtools.crest.swingui.logical.TVEntity" oid="103EDD08-7AF6-4AA1-978D-67F0B6557698" otype="Entity" vid="A5ECACBB-12D2-60E5-3668-24AFFB94B996">
<hideElementsInCurrentOnly>false</hideElementsInCurrentOnly>
<bounds x="146" y="508" width="161" height="108"/>
</OView>
<OView class="oracle.dbtools.crest.swingui.logical.TVEntity" oid="173D1FBF-C250-2CBB-75D3-0D3F430FBDC3" otype="Entity" vid="7D598D44-98CA-C26D-1434-9B6F133B2DD5">
<hideElementsInCurrentOnly>false</hideElementsInCurrentOnly>
<bounds x="857" y="245" width="161" height="126"/>
</OView>
<OView class="oracle.dbtools.crest.swingui.logical.TVEntity" oid="46CBA9D9-124F-EA1F-A8B9-408A12EB2449" otype="Entity" vid="58674CB9-455D-58E1-0666-97285417A71A">
<hideElementsInCurrentOnly>false</hideElementsInCurrentOnly>
<bounds x="60" y="70" width="170" height="110"/>
</OView>
<OView class="oracle.dbtools.crest.swingui.logical.TVEntity" oid="929F0AF9-36AE-2467-D41C-41558530CB7A" otype="Entity" vid="C67B9E34-52EC-CC4F-B94A-1018ED606F79">
<hideElementsInCurrentOnly>false</hideElementsInCurrentOnly>
<bounds x="634" y="290" width="138" height="164"/>
</OView>
<OView class="oracle.dbtools.crest.swingui.logical.TVEntity" oid="9AF77E46-BC5F-72F6-32AB-A9655B164FE0" otype="Entity" vid="47D93516-B13D-37A1-A82B-C05C293B6F9A">
<hideElementsInCurrentOnly>false</hideElementsInCurrentOnly>
<bounds x="387" y="494" width="150" height="111"/>
</OView>
<OView class="oracle.dbtools.crest.swingui.logical.TVEntity" oid="C0162CA8-0303-6CB9-246E-29D28D084403" otype="Entity" vid="A8A8AA97-B5DC-681D-2D73-40E794088AEE">
<hideElementsInCurrentOnly>false</hideElementsInCurrentOnly>
<bounds x="881" y="503" width="150" height="111"/>
</OView>
<OView class="oracle.dbtools.crest.swingui.logical.TVEntity" oid="ED5231D3-9DAC-064E-A81F-6DF24E8C0549" otype="Entity" vid="0034FFBB-DAC1-A581-5701-F5465C2F5621">
<hideElementsInCurrentOnly>false</hideElementsInCurrentOnly>
<bounds x="325" y="231" width="161" height="123"/>
</OView>
</objectViews>
<connectors>
<Connector class="oracle.dbtools.crest.swingui.logical.TVRelation" oid="101261E2-6464-5C10-52BE-3A05B10DF94F" otype="Relation" vid_source="7D598D44-98CA-C26D-1434-9B6F133B2DD5" vid_target="47D93516-B13D-37A1-A82B-C05C293B6F9A">
<hideElementsInCurrentOnly>false</hideElementsInCurrentOnly>
<backgroundColor>-16777216</backgroundColor>
<lineWidth>1</lineWidth>
<points>
<point x="857" y="348"/>
<point x="537" y="511"/>
</points>
</Connector>
<Connector class="oracle.dbtools.crest.swingui.logical.TVRelation" oid="84FDF76B-ABDF-701E-684F-06C411579144" otype="Relation" vid_source="0034FFBB-DAC1-A581-5701-F5465C2F5621" vid_target="A5ECACBB-12D2-60E5-3668-24AFFB94B996">
<hideElementsInCurrentOnly>false</hideElementsInCurrentOnly>
<backgroundColor>-16777216</backgroundColor>
<lineWidth>1</lineWidth>
<points>
<point x="364" y="354"/>
<point x="262" y="508"/>
</points>
</Connector>
<Connector class="oracle.dbtools.crest.swingui.logical.TVRelation" oid="9207ED20-405E-4BE0-F721-C8D912D480E6" otype="Relation" vid_source="CD7D05EA-1E97-2DD1-3620-5859F9CF3CEB" vid_target="A5ECACBB-12D2-60E5-3668-24AFFB94B996">
<hideElementsInCurrentOnly>false</hideElementsInCurrentOnly>
<backgroundColor>-16777216</backgroundColor>
<lineWidth>1</lineWidth>
<points>
<point x="186" y="339"/>
<point x="186" y="508"/>
</points>
</Connector>
<Connector class="oracle.dbtools.crest.swingui.logical.TVRelation" oid="9AA36BFC-FD84-D750-C6E1-44EBE34DF409" otype="Relation" vid_source="C67B9E34-52EC-CC4F-B94A-1018ED606F79" vid_target="47D93516-B13D-37A1-A82B-C05C293B6F9A">
<hideElementsInCurrentOnly>false</hideElementsInCurrentOnly>
<backgroundColor>-16777216</backgroundColor>
<lineWidth>1</lineWidth>
<points>
<point x="602" y="451"/>
<point x="537" y="511"/>
</points>
</Connector>
<Connector class="oracle.dbtools.crest.swingui.logical.TVRelation" oid="BBEE7DAC-7B31-E0C4-EA75-56E6710C1DB7" otype="Relation" vid_source="7D598D44-98CA-C26D-1434-9B6F133B2DD5" vid_target="A8A8AA97-B5DC-681D-2D73-40E794088AEE">
<hideElementsInCurrentOnly>false</hideElementsInCurrentOnly>
<backgroundColor>-16777216</backgroundColor>
<lineWidth>1</lineWidth>
<points>
<point x="979" y="371"/>
<point x="979" y="503"/>
</points>
</Connector>
<Connector class="oracle.dbtools.crest.swingui.logical.TVRelation" oid="BF7D039D-3CE8-1691-141B-93C69D23C9CA" otype="Relation" vid_source="0034FFBB-DAC1-A581-5701-F5465C2F5621" vid_target="47D93516-B13D-37A1-A82B-C05C293B6F9A">
<hideElementsInCurrentOnly>false</hideElementsInCurrentOnly>
<backgroundColor>-16777216</backgroundColor>
<lineWidth>1</lineWidth>
<points>
<point x="452" y="361"/>
<point x="452" y="494"/>
</points>
</Connector>
<Connector class="oracle.dbtools.crest.swingui.logical.TVRelation" oid="CA77695E-96B1-D833-CDDA-06FD2940D622" otype="Relation" vid_source="C67B9E34-52EC-CC4F-B94A-1018ED606F79" vid_target="58674CB9-455D-58E1-0666-97285417A71A">
<hideElementsInCurrentOnly>false</hideElementsInCurrentOnly>
<backgroundColor>-16777216</backgroundColor>
<lineWidth>1</lineWidth>
</Connector>
<Connector class="oracle.dbtools.crest.swingui.logical.TVRelation" oid="EC4CD1CD-8852-70B1-6F22-B0C66B711E48" otype="Relation" vid_source="C67B9E34-52EC-CC4F-B94A-1018ED606F79" vid_target="A8A8AA97-B5DC-681D-2D73-40E794088AEE">
<hideElementsInCurrentOnly>false</hideElementsInCurrentOnly>
<backgroundColor>-16777216</backgroundColor>
<lineWidth>1</lineWidth>
<points>
<point x="820" y="454"/>
<point x="929" y="503"/>
</points>
</Connector>
</connectors>
</Display>
</displays>
</Diagram>