<?xml version = '1.0' encoding = 'UTF-8'?>
<Relation class="oracle.dbtools.crest.model.design.logical.Relation" name="user_role_user_FK" directorySegmentName="seg_0" id="9AA36BFC-FD84-D750-C6E1-44EBE34DF409">
<createdBy>awarhoka</createdBy>
<createdTime>2018-05-28 19:19:17 UTC</createdTime>
<generatorID>C1D257F2-62BE-885F-E9A9-63920E0FC945</generatorID>
<ownerDesignName>data_model</ownerDesignName>
<engineerTo>
<item key="64AD38B3-169F-BB01-6DFC-9F2872F71394" value="true"/>
</engineerTo>
<sourcePk>548FD7E8-70CC-A368-3DAF-2C80429BBAED</sourcePk>
<targetPk>C6515BB9-4F34-70B3-DB52-9487069958DA</targetPk>
<identifying>true</identifying>
<optionalSource>true</optionalSource>
<optionalTarget>false</optionalTarget>
<sourceCardinality>1</sourceCardinality>
<sourceEntity>929F0AF9-36AE-2467-D41C-41558530CB7A</sourceEntity>
<targetCardinalityString>*</targetCardinalityString>
<targetEntity>9AF77E46-BC5F-72F6-32AB-A9655B164FE0</targetEntity>
<transferable>true</transferable>
<deleteRule>NO ACTION</deleteRule>
</Relation>