<?xml version = '1.0' encoding = 'UTF-8'?>
<Relation class="oracle.dbtools.crest.model.design.logical.Relation" name="user_group_group_dm_FK" directorySegmentName="seg_0" id="BBEE7DAC-7B31-E0C4-EA75-56E6710C1DB7">
<createdBy>awarhoka</createdBy>
<createdTime>2018-05-28 19:19:17 UTC</createdTime>
<generatorID>BD1127F3-F729-EA92-E63E-28AD84924042</generatorID>
<ownerDesignName>data_model</ownerDesignName>
<engineerTo>
<item key="64AD38B3-169F-BB01-6DFC-9F2872F71394" value="true"/>
</engineerTo>
<sourcePk>ED3312B8-E14E-D443-4358-730AA24ACD2D</sourcePk>
<targetPk>72072E31-6CEC-E5D2-7D87-521893E2A2B9</targetPk>
<identifying>true</identifying>
<optionalSource>true</optionalSource>
<optionalTarget>false</optionalTarget>
<sourceCardinality>1</sourceCardinality>
<sourceEntity>173D1FBF-C250-2CBB-75D3-0D3F430FBDC3</sourceEntity>
<targetCardinalityString>*</targetCardinalityString>
<targetEntity>C0162CA8-0303-6CB9-246E-29D28D084403</targetEntity>
<transferable>true</transferable>
<deleteRule>NO ACTION</deleteRule>
</Relation>