<?xml version = '1.0' encoding = 'UTF-8'?>
<Diagram class="oracle.dbtools.crest.swingui.relational.DPVRelational" name="relational_data_model" id="8F6266C4-F0A7-C6CC-1DC0-92B5D03E570F">
<createdBy>awarhoka</createdBy>
<modifiedBy>awarhoka</modifiedBy>
<createdTime>2018-05-28 18:59:16 UTC</createdTime>
<autoRoute>false</autoRoute>
<boxInbox>true</boxInbox>
<showLegend>false</showLegend>
<showLabels>false</showLabels>
<showRelAttributes>false</showRelAttributes>
<gridEnabled>false</gridEnabled>
<showGrid>false</showGrid>
<diagramColor>-1</diagramColor>
<display>false</display>
<notation>1</notation>
<objectViews>
<OView class="oracle.dbtools.crest.swingui.relational.TVTable" oid="2CDFDBE9-7F33-FE04-CAFF-4AB8B9AB9402" otype="Table" vid="823CA93C-E688-DD68-6C49-674B3FD9261B">
<hideElementsInCurrentOnly>false</hideElementsInCurrentOnly>
<bounds x="782" y="9" width="260" height="146"/>
</OView>
<OView class="oracle.dbtools.crest.swingui.relational.TVTable" oid="2F8FB1F0-CDCF-49EE-A464-D8C89B9E0856" otype="Table" vid="BCB5F33A-A922-8701-2C9F-2D5A527B740E">
<hideElementsInCurrentOnly>false</hideElementsInCurrentOnly>
<bounds x="1102" y="230" width="396" height="136"/>
</OView>
<OView class="oracle.dbtools.crest.swingui.relational.TVTable" oid="3D78E649-4449-EA0E-082E-3450F924AC22" otype="Table" vid="65EF9E0E-509B-C330-74F3-DFC1120E3176">
<hideElementsInCurrentOnly>false</hideElementsInCurrentOnly>
<bounds x="649" y="188" width="297" height="207"/>
</OView>
<OView class="oracle.dbtools.crest.swingui.relational.TVTable" oid="44246EA7-4C91-EA11-142F-F02ABEC32658" otype="Table" vid="1D4BF4A4-BE08-4209-9E07-B524E0040758">
<hideElementsInCurrentOnly>false</hideElementsInCurrentOnly>
<bounds x="335" y="191" width="242" height="151"/>
</OView>
<OView class="oracle.dbtools.crest.swingui.relational.TVTable" oid="55D59FF5-29A1-0A01-B61F-EA637ADA7B05" otype="Table" vid="15E261F8-7D1B-99E9-6654-2429A599E214">
<hideElementsInCurrentOnly>false</hideElementsInCurrentOnly>
<bounds x="15" y="187" width="269" height="169"/>
</OView>
<OView class="oracle.dbtools.crest.swingui.relational.TVTable" oid="66AC91F9-F2AC-6E42-D5B2-FCA56B9CA49A" otype="Table" vid="5F3B544C-4E5A-E5DA-B359-0CD35BAAC7C3">
<hideElementsInCurrentOnly>false</hideElementsInCurrentOnly>
<bounds x="19" y="520" width="342" height="190"/>
</OView>
<OView class="oracle.dbtools.crest.swingui.relational.TVTable" oid="9FE939A3-4BB3-E0D3-F0B8-3AFB8EC748C9" otype="Table" vid="B62ABA0B-B3C2-4220-35E5-FDFB4FC0481F">
<hideElementsInCurrentOnly>false</hideElementsInCurrentOnly>
<bounds x="436" y="582" width="328" height="210"/>
</OView>
<OView class="oracle.dbtools.crest.swingui.relational.TVTable" oid="B7CE8361-6023-908B-A80F-928EC9D4723C" otype="Table" vid="EEDBD832-5C9B-DD3E-0051-4EC05EA2DA78">
<hideElementsInCurrentOnly>false</hideElementsInCurrentOnly>
<bounds x="859" y="578" width="311" height="154"/>
</OView>
</objectViews>
<connectors>
<Connector class="oracle.dbtools.crest.swingui.relational.TVFKRelation" oid="432964EB-D2EF-A6A9-750E-1C3459FE9A85" otype="FKIndexAssociation" vid_source="65EF9E0E-509B-C330-74F3-DFC1120E3176" vid_target="BCB5F33A-A922-8701-2C9F-2D5A527B740E">
<hideElementsInCurrentOnly>false</hideElementsInCurrentOnly>
<backgroundColor>-16777216</backgroundColor>
<lineWidth>1</lineWidth>
<points>
<point x="946" y="298"/>
<point x="1102" y="298"/>
</points>
</Connector>
<Connector class="oracle.dbtools.crest.swingui.relational.TVFKRelation" oid="495ED266-5758-F5FB-E1DA-C4576C3064B3" otype="FKIndexAssociation" vid_source="EEDBD832-5C9B-DD3E-0051-4EC05EA2DA78" vid_target="B62ABA0B-B3C2-4220-35E5-FDFB4FC0481F">
<hideElementsInCurrentOnly>false</hideElementsInCurrentOnly>
<backgroundColor>-16777216</backgroundColor>
<lineWidth>1</lineWidth>
<points>
<point x="859" y="657"/>
<point x="764" y="657"/>
</points>
</Connector>
<Connector class="oracle.dbtools.crest.swingui.relational.TVFKRelation" oid="615DDC39-995E-15D6-8465-77F932FB5F42" otype="FKIndexAssociation" vid_source="65EF9E0E-509B-C330-74F3-DFC1120E3176" vid_target="823CA93C-E688-DD68-6C49-674B3FD9261B">
<hideElementsInCurrentOnly>false</hideElementsInCurrentOnly>
<backgroundColor>-16777216</backgroundColor>
<lineWidth>1</lineWidth>
<points>
<point x="864" y="188"/>
<point x="864" y="155"/>
</points>
</Connector>
<Connector class="oracle.dbtools.crest.swingui.relational.TVFKRelation" oid="8CEB3BC8-E789-3214-4B65-9AD9AB39054F" otype="FKIndexAssociation" vid_source="1D4BF4A4-BE08-4209-9E07-B524E0040758" vid_target="B62ABA0B-B3C2-4220-35E5-FDFB4FC0481F">
<hideElementsInCurrentOnly>false</hideElementsInCurrentOnly>
<backgroundColor>-16777216</backgroundColor>
<lineWidth>1</lineWidth>
<points>
<point x="506" y="342"/>
<point x="506" y="582"/>
</points>
</Connector>
<Connector class="oracle.dbtools.crest.swingui.relational.TVFKRelation" oid="9CD4D906-3F91-E319-CEC3-93CA77323357" otype="FKIndexAssociation" vid_source="65EF9E0E-509B-C330-74F3-DFC1120E3176" vid_target="B62ABA0B-B3C2-4220-35E5-FDFB4FC0481F">
<hideElementsInCurrentOnly>false</hideElementsInCurrentOnly>
<backgroundColor>-16777216</backgroundColor>
<lineWidth>1</lineWidth>
<points>
<point x="706" y="395"/>
<point x="706" y="582"/>
</points>
</Connector>
<Connector class="oracle.dbtools.crest.swingui.relational.TVFKRelation" oid="A4E4113B-1AC7-CAB6-309A-9239ACBA6CF2" otype="FKIndexAssociation" vid_source="1D4BF4A4-BE08-4209-9E07-B524E0040758" vid_target="5F3B544C-4E5A-E5DA-B359-0CD35BAAC7C3">
<hideElementsInCurrentOnly>false</hideElementsInCurrentOnly>
<backgroundColor>-16777216</backgroundColor>
<lineWidth>1</lineWidth>
<points>
<point x="348" y="342"/>
<point x="348" y="520"/>
</points>
</Connector>
<Connector class="oracle.dbtools.crest.swingui.relational.TVFKRelation" oid="DCA9F15D-D6DE-3FA5-8469-4173F970D0FC" otype="FKIndexAssociation" vid_source="EEDBD832-5C9B-DD3E-0051-4EC05EA2DA78" vid_target="BCB5F33A-A922-8701-2C9F-2D5A527B740E">
<hideElementsInCurrentOnly>false</hideElementsInCurrentOnly>
<backgroundColor>-16777216</backgroundColor>
<lineWidth>1</lineWidth>
<points>
<point x="1136" y="578"/>
<point x="1136" y="366"/>
</points>
</Connector>
<Connector class="oracle.dbtools.crest.swingui.relational.TVFKRelation" oid="F8438C92-A3CD-1D2E-B153-12C57853D6D3" otype="FKIndexAssociation" vid_source="15E261F8-7D1B-99E9-6654-2429A599E214" vid_target="5F3B544C-4E5A-E5DA-B359-0CD35BAAC7C3">
<hideElementsInCurrentOnly>false</hideElementsInCurrentOnly>
<backgroundColor>-16777216</backgroundColor>
<lineWidth>1</lineWidth>
<points>
<point x="151" y="356"/>
<point x="151" y="520"/>
</points>
</Connector>
</connectors>
<displays>
<Display class="oracle.dbtools.crest.swingui.relational.DPVRelational" name="Display_1" id="13F25BFC-8FB6-A6A4-D748-6CF4FB437073">
<createdBy>awarhoka</createdBy>
<modifiedBy>awarhoka</modifiedBy>
<createdTime>2018-05-28 19:04:20 UTC</createdTime>
<autoRoute>false</autoRoute>
<boxInbox>true</boxInbox>
<showLegend>false</showLegend>
<showLabels>false</showLabels>
<showRelAttributes>false</showRelAttributes>
<gridEnabled>false</gridEnabled>
<showGrid>false</showGrid>
<diagramColor>-1</diagramColor>
<display>true</display>
<notation>1</notation>
<objectViews>
<OView class="oracle.dbtools.crest.swingui.relational.TVTable" oid="2CDFDBE9-7F33-FE04-CAFF-4AB8B9AB9402" otype="Table" vid="B4419EB5-BE39-C069-5117-EF0F10737499">
<hideElementsInCurrentOnly>false</hideElementsInCurrentOnly>
<bounds x="1081" y="101" width="191" height="74"/>
</OView>
<OView class="oracle.dbtools.crest.swingui.relational.TVTable" oid="2F8FB1F0-CDCF-49EE-A464-D8C89B9E0856" otype="Table" vid="4BC17C14-B708-8373-FDF6-C2F905B5694A">
<hideElementsInCurrentOnly>false</hideElementsInCurrentOnly>
<bounds x="881" y="503" width="150" height="142"/>
</OView>
<OView class="oracle.dbtools.crest.swingui.relational.TVTable" oid="3D78E649-4449-EA0E-082E-3450F924AC22" otype="Table" vid="D5F6A6A9-9F18-B931-94E6-139AB64F22D4">
<hideElementsInCurrentOnly>false</hideElementsInCurrentOnly>
<bounds x="634" y="290" width="138" height="164"/>
</OView>
<OView class="oracle.dbtools.crest.swingui.relational.TVTable" oid="44246EA7-4C91-EA11-142F-F02ABEC32658" otype="Table" vid="484F343C-419F-203E-8F0E-22BB5F54C997">
<hideElementsInCurrentOnly>false</hideElementsInCurrentOnly>
<bounds x="327" y="225" width="161" height="136"/>
</OView>
<OView class="oracle.dbtools.crest.swingui.relational.TVTable" oid="55D59FF5-29A1-0A01-B61F-EA637ADA7B05" otype="Table" vid="20375834-A84F-A946-7B61-422B53605A08">
<hideElementsInCurrentOnly>false</hideElementsInCurrentOnly>
<bounds x="85" y="229" width="141" height="110"/>
</OView>
<OView class="oracle.dbtools.crest.swingui.relational.TVTable" oid="66AC91F9-F2AC-6E42-D5B2-FCA56B9CA49A" otype="Table" vid="4B858778-A615-7DD6-973F-1071A36786EC">
<hideElementsInCurrentOnly>false</hideElementsInCurrentOnly>
<bounds x="146" y="508" width="161" height="108"/>
</OView>
<OView class="oracle.dbtools.crest.swingui.relational.TVTable" oid="9FE939A3-4BB3-E0D3-F0B8-3AFB8EC748C9" otype="Table" vid="756DA11D-AE6C-2EC0-9D4C-7823AA971593">
<hideElementsInCurrentOnly>false</hideElementsInCurrentOnly>
<bounds x="387" y="494" width="150" height="111"/>
</OView>
<OView class="oracle.dbtools.crest.swingui.relational.TVTable" oid="B7CE8361-6023-908B-A80F-928EC9D4723C" otype="Table" vid="5447AD81-AE5C-A97A-C800-604BE54B59D1">
<hideElementsInCurrentOnly>false</hideElementsInCurrentOnly>
<bounds x="857" y="245" width="161" height="126"/>
</OView>
</objectViews>
<connectors>
<Connector class="oracle.dbtools.crest.swingui.relational.TVFKRelation" oid="432964EB-D2EF-A6A9-750E-1C3459FE9A85" otype="FKIndexAssociation" vid_source="D5F6A6A9-9F18-B931-94E6-139AB64F22D4" vid_target="4BC17C14-B708-8373-FDF6-C2F905B5694A">
<hideElementsInCurrentOnly>false</hideElementsInCurrentOnly>
<backgroundColor>-16777216</backgroundColor>
<lineWidth>1</lineWidth>
<points>
<point x="772" y="427"/>
<point x="896" y="503"/>
</points>
</Connector>
<Connector class="oracle.dbtools.crest.swingui.relational.TVFKRelation" oid="495ED266-5758-F5FB-E1DA-C4576C3064B3" otype="FKIndexAssociation" vid_source="5447AD81-AE5C-A97A-C800-604BE54B59D1" vid_target="756DA11D-AE6C-2EC0-9D4C-7823AA971593">
<hideElementsInCurrentOnly>false</hideElementsInCurrentOnly>
<backgroundColor>-16777216</backgroundColor>
<lineWidth>1</lineWidth>
<points>
<point x="857" y="348"/>
<point x="537" y="511"/>
</points>
</Connector>
<Connector class="oracle.dbtools.crest.swingui.relational.TVFKRelation" oid="615DDC39-995E-15D6-8465-77F932FB5F42" otype="FKIndexAssociation" vid_source="D5F6A6A9-9F18-B931-94E6-139AB64F22D4" vid_target="B4419EB5-BE39-C069-5117-EF0F10737499">
<hideElementsInCurrentOnly>false</hideElementsInCurrentOnly>
<backgroundColor>-16777216</backgroundColor>
<lineWidth>1</lineWidth>
<points>
<point x="772" y="337"/>
<point x="1101" y="175"/>
</points>
</Connector>
<Connector class="oracle.dbtools.crest.swingui.relational.TVFKRelation" oid="8CEB3BC8-E789-3214-4B65-9AD9AB39054F" otype="FKIndexAssociation" vid_source="484F343C-419F-203E-8F0E-22BB5F54C997" vid_target="756DA11D-AE6C-2EC0-9D4C-7823AA971593">
<hideElementsInCurrentOnly>false</hideElementsInCurrentOnly>
<backgroundColor>-16777216</backgroundColor>
<lineWidth>1</lineWidth>
<points>
<point x="452" y="361"/>
<point x="452" y="494"/>
</points>
</Connector>
<Connector class="oracle.dbtools.crest.swingui.relational.TVFKRelation" oid="9CD4D906-3F91-E319-CEC3-93CA77323357" otype="FKIndexAssociation" vid_source="D5F6A6A9-9F18-B931-94E6-139AB64F22D4" vid_target="756DA11D-AE6C-2EC0-9D4C-7823AA971593">
<hideElementsInCurrentOnly>false</hideElementsInCurrentOnly>
<backgroundColor>-16777216</backgroundColor>
<lineWidth>1</lineWidth>
<points>
<point x="634" y="422"/>
<point x="522" y="494"/>
</points>
</Connector>
<Connector class="oracle.dbtools.crest.swingui.relational.TVFKRelation" oid="A4E4113B-1AC7-CAB6-309A-9239ACBA6CF2" otype="FKIndexAssociation" vid_source="484F343C-419F-203E-8F0E-22BB5F54C997" vid_target="4B858778-A615-7DD6-973F-1071A36786EC">
<hideElementsInCurrentOnly>false</hideElementsInCurrentOnly>
<backgroundColor>-16777216</backgroundColor>
<lineWidth>1</lineWidth>
<points>
<point x="361" y="361"/>
<point x="262" y="508"/>
</points>
</Connector>
<Connector class="oracle.dbtools.crest.swingui.relational.TVFKRelation" oid="DCA9F15D-D6DE-3FA5-8469-4173F970D0FC" otype="FKIndexAssociation" vid_source="5447AD81-AE5C-A97A-C800-604BE54B59D1" vid_target="4BC17C14-B708-8373-FDF6-C2F905B5694A">
<hideElementsInCurrentOnly>false</hideElementsInCurrentOnly>
<backgroundColor>-16777216</backgroundColor>
<lineWidth>1</lineWidth>
<points>
<point x="934" y="371"/>
<point x="934" y="503"/>
</points>
</Connector>
<Connector class="oracle.dbtools.crest.swingui.relational.TVFKRelation" oid="F8438C92-A3CD-1D2E-B153-12C57853D6D3" otype="FKIndexAssociation" vid_source="20375834-A84F-A946-7B61-422B53605A08" vid_target="4B858778-A615-7DD6-973F-1071A36786EC">
<hideElementsInCurrentOnly>false</hideElementsInCurrentOnly>
<backgroundColor>-16777216</backgroundColor>
<lineWidth>1</lineWidth>
<points>
<point x="186" y="339"/>
<point x="186" y="508"/>
</points>
</Connector>
</connectors>
</Display>
</displays>
</Diagram>