<?xml version = '1.0' encoding = 'UTF-8'?>
<Entity class="oracle.dbtools.crest.model.design.logical.Entity" directorySegmentName="seg_0" id="103EDD08-7AF6-4AA1-978D-67F0B6557698" name="permission role">
<createdBy>awarhoka</createdBy>
<createdTime>2018-05-28 18:17:51 UTC</createdTime>
<ownerDesignName>data_model</ownerDesignName>
<engineerTo>
<item key="64AD38B3-169F-BB01-6DFC-9F2872F71394" value="true"/>
</engineerTo>
<adequatelyNormalized>NO</adequatelyNormalized>
<expectedVolumes>0</expectedVolumes>
<fwdEngineeringStrategyName>Single Table</fwdEngineeringStrategyName>
<growthPercent>0</growthPercent>
<growthType>Year</growthType>
<maxVolumes>9999999</maxVolumes>
<minVolumes>0</minVolumes>
<normalForm>Third</normalForm>
<attributes itemClass="oracle.dbtools.crest.model.design.logical.Attribute">
<Attribute name="permission_role_id" id="DDF308D3-8A57-B545-4CAB-F79B33426B0E">
<createdBy>awarhoka</createdBy>
<createdTime>2018-05-28 18:18:19 UTC</createdTime>
<ownerDesignName>data_model</ownerDesignName>
<engineerTo>
<item key="64AD38B3-169F-BB01-6DFC-9F2872F71394" value="true"/>
</engineerTo>
<nullsAllowed>true</nullsAllowed>
<useDomainConstraints>false</useDomainConstraints>
<use>1</use>
<logicalDatatype>LOGDT019</logicalDatatype>
<ownDataTypeParameters>,,</ownDataTypeParameters>
</Attribute>
<Attribute name="permission role id" id="5709A83F-0915-E28E-4AD9-421737EFC661">
<createdBy>awarhoka</createdBy>
<createdTime>2018-05-28 18:36:21 UTC</createdTime>
<generatorID>84FDF76B-ABDF-701E-684F-06C411579144</generatorID>
<ownerDesignName>data_model</ownerDesignName>
<engineerTo>
<item key="64AD38B3-169F-BB01-6DFC-9F2872F71394" value="true"/>
</engineerTo>
<referedAttribute>87747AE5-F701-4DB7-62D9-D2D26053A9D2</referedAttribute>
<useDomainConstraints>false</useDomainConstraints>
<use>1</use>
<logicalDatatype>LOGDT019</logicalDatatype>
<ownDataTypeParameters>,,</ownDataTypeParameters>
</Attribute>
<Attribute name="role id" id="4E90C9C8-F702-CFF3-86E0-7686383EAA23">
<createdBy>awarhoka</createdBy>
<createdTime>2018-05-28 18:18:28 UTC</createdTime>
<ownerDesignName>data_model</ownerDesignName>
<engineerTo>
<item key="64AD38B3-169F-BB01-6DFC-9F2872F71394" value="true"/>
</engineerTo>
<nullsAllowed>true</nullsAllowed>
<useDomainConstraints>false</useDomainConstraints>
<use>1</use>
<logicalDatatype>LOGDT019</logicalDatatype>
<ownDataTypeParameters>,,</ownDataTypeParameters>
</Attribute>
<Attribute name="last modified by" id="ABFEB139-C087-96BA-4C53-9F3F25ABC616">
<createdBy>awarhoka</createdBy>
<createdTime>2018-05-28 18:18:48 UTC</createdTime>
<ownerDesignName>data_model</ownerDesignName>
<engineerTo>
<item key="64AD38B3-169F-BB01-6DFC-9F2872F71394" value="true"/>
</engineerTo>
<nullsAllowed>true</nullsAllowed>
<use>0</use>
<logicalDatatype>LOGDT024</logicalDatatype>
<domain>F40CA246-648D-26F5-A3A3-2755B9955AC0</domain>
<ownDataTypeParameters>,,</ownDataTypeParameters>
</Attribute>
<Attribute name="last modified dt" id="1063DDF4-391F-F82F-40E6-420F0ADDAA38">
<createdBy>awarhoka</createdBy>
<createdTime>2018-05-28 18:19:06 UTC</createdTime>
<ownerDesignName>data_model</ownerDesignName>
<engineerTo>
<item key="64AD38B3-169F-BB01-6DFC-9F2872F71394" value="true"/>
</engineerTo>
<nullsAllowed>true</nullsAllowed>
<use>0</use>
<logicalDatatype>LOGDT015</logicalDatatype>
<domain>31AB2DBB-4B97-A93C-6E37-111CB56767DB</domain>
<ownDataTypeParameters>,,</ownDataTypeParameters>
</Attribute>
<Attribute name="permission id" id="0D51A755-436F-0CD3-2938-693C2D322DB6">
<createdBy>awarhoka</createdBy>
<createdTime>2018-05-28 19:41:10 UTC</createdTime>
<ownerDesignName>data_model</ownerDesignName>
<engineerTo>
<item key="64AD38B3-169F-BB01-6DFC-9F2872F71394" value="true"/>
</engineerTo>
<useDomainConstraints>false</useDomainConstraints>
<use>1</use>
<logicalDatatype>LOGDT019</logicalDatatype>
<ownDataTypeParameters>,,</ownDataTypeParameters>
</Attribute>
</attributes>
<identifiers itemClass="oracle.dbtools.crest.model.design.logical.CandidateKey">
<identifier id="3393EE5F-8486-FF98-ACCA-1F879935CE96" name="permission_role_PK">
<createdBy>awarhoka</createdBy>
<createdTime>2018-05-28 18:36:21 UTC</createdTime>
<ownerDesignName>data_model</ownerDesignName>
<shouldEngineer>false</shouldEngineer>
<engineerTo>
<item key="64AD38B3-169F-BB01-6DFC-9F2872F71394" value="false"/>
</engineerTo>
<pk>true</pk>
<usedAttributes>
<attributeRef>5709A83F-0915-E28E-4AD9-421737EFC661</attributeRef>
</usedAttributes>
</identifier>
</identifiers>
</Entity>