<?xml version = '1.0' encoding = 'UTF-8'?>
<Entity class="oracle.dbtools.crest.model.design.logical.Entity" directorySegmentName="seg_0" id="929F0AF9-36AE-2467-D41C-41558530CB7A" name="user">
<createdBy>awarhoka</createdBy>
<createdTime>2018-05-28 17:50:10 UTC</createdTime>
<ownerDesignName>data_model</ownerDesignName>
<engineerTo>
<item key="64AD38B3-169F-BB01-6DFC-9F2872F71394" value="true"/>
</engineerTo>
<adequatelyNormalized>NO</adequatelyNormalized>
<expectedVolumes>0</expectedVolumes>
<fwdEngineeringStrategyName>Single Table</fwdEngineeringStrategyName>
<growthPercent>0</growthPercent>
<growthType>Year</growthType>
<maxVolumes>9999999</maxVolumes>
<minVolumes>0</minVolumes>
<normalForm>Third</normalForm>
<attributes itemClass="oracle.dbtools.crest.model.design.logical.Attribute">
<Attribute name="user id" id="4C42ECA3-0B80-7B28-2A62-4964E42EA28E">
<createdBy>awarhoka</createdBy>
<createdTime>2018-05-28 17:50:59 UTC</createdTime>
<ownerDesignName>data_model</ownerDesignName>
<engineerTo>
<item key="64AD38B3-169F-BB01-6DFC-9F2872F71394" value="true"/>
</engineerTo>
<use>0</use>
<logicalDatatype>LOGDT024</logicalDatatype>
<domain>614CBF18-4EC1-2900-EC3C-2705604D376B</domain>
<ownDataTypeParameters>,,</ownDataTypeParameters>
</Attribute>
<Attribute name="first name" id="9A1FFB86-0BF2-7BD3-5693-54D9F78A85E3">
<createdBy>awarhoka</createdBy>
<createdTime>2018-05-28 17:52:45 UTC</createdTime>
<ownerDesignName>data_model</ownerDesignName>
<engineerTo>
<item key="64AD38B3-169F-BB01-6DFC-9F2872F71394" value="true"/>
</engineerTo>
<nullsAllowed>true</nullsAllowed>
<use>0</use>
<logicalDatatype>LOGDT024</logicalDatatype>
<domain>8A6C9022-466D-C167-FB18-5119A8E7BA84</domain>
<ownDataTypeParameters>,,</ownDataTypeParameters>
</Attribute>
<Attribute name="middle name" id="C47EBEA2-0A53-D81D-49A2-F8AC0B9545D2">
<createdBy>awarhoka</createdBy>
<createdTime>2018-05-28 17:51:26 UTC</createdTime>
<ownerDesignName>data_model</ownerDesignName>
<engineerTo>
<item key="64AD38B3-169F-BB01-6DFC-9F2872F71394" value="true"/>
</engineerTo>
<nullsAllowed>true</nullsAllowed>
<use>0</use>
<logicalDatatype>LOGDT024</logicalDatatype>
<domain>48F88A1D-7591-0669-B510-9257EE1DA5A1</domain>
<ownDataTypeParameters>,,</ownDataTypeParameters>
</Attribute>
<Attribute name="last name" id="379982AB-2DCC-29A8-7A13-42CE7E08A190">
<createdBy>awarhoka</createdBy>
<createdTime>2018-05-28 17:52:33 UTC</createdTime>
<ownerDesignName>data_model</ownerDesignName>
<engineerTo>
<item key="64AD38B3-169F-BB01-6DFC-9F2872F71394" value="true"/>
</engineerTo>
<nullsAllowed>true</nullsAllowed>
<use>0</use>
<logicalDatatype>LOGDT024</logicalDatatype>
<domain>C8B0AFB4-F437-597D-27C8-9F393E7A93B7</domain>
<ownDataTypeParameters>,,</ownDataTypeParameters>
</Attribute>
<Attribute name="sex" id="69E2F82B-A0AD-A172-AD71-934E9394BFFC">
<createdBy>awarhoka</createdBy>
<createdTime>2018-05-28 17:54:04 UTC</createdTime>
<ownerDesignName>data_model</ownerDesignName>
<engineerTo>
<item key="64AD38B3-169F-BB01-6DFC-9F2872F71394" value="true"/>
</engineerTo>
<nullsAllowed>true</nullsAllowed>
<use>0</use>
<logicalDatatype>LOGDT019</logicalDatatype>
<domain>1D311D6E-750F-AA5F-0C8C-ECFDC06E7148</domain>
<ownDataTypeParameters>,,</ownDataTypeParameters>
</Attribute>
<Attribute name="email" id="5E7056E0-2786-9A74-C077-CD3D1D7EC8AB">
<createdBy>awarhoka</createdBy>
<createdTime>2018-05-28 17:56:27 UTC</createdTime>
<ownerDesignName>data_model</ownerDesignName>
<engineerTo>
<item key="64AD38B3-169F-BB01-6DFC-9F2872F71394" value="true"/>
</engineerTo>
<nullsAllowed>true</nullsAllowed>
<useDomainConstraints>false</useDomainConstraints>
<use>1</use>
<logicalDatatype>LOGDT024</logicalDatatype>
<dataTypeSize>100 BYTE</dataTypeSize>
<ownDataTypeParameters>100 BYTE,,</ownDataTypeParameters>
</Attribute>
<Attribute name="status id" id="04E76C00-4D40-8584-72C3-C6BF7BA5ACD6">
<createdBy>awarhoka</createdBy>
<createdTime>2018-05-28 17:54:14 UTC</createdTime>
<ownerDesignName>data_model</ownerDesignName>
<engineerTo>
<item key="64AD38B3-169F-BB01-6DFC-9F2872F71394" value="true"/>
</engineerTo>
<nullsAllowed>true</nullsAllowed>
<useDomainConstraints>false</useDomainConstraints>
<use>1</use>
<logicalDatatype>LOGDT019</logicalDatatype>
<ownDataTypeParameters>,,</ownDataTypeParameters>
</Attribute>
<Attribute name="last modified by" id="8A6561C5-DF20-FD76-82D3-7EB0A901404F">
<createdBy>awarhoka</createdBy>
<createdTime>2018-05-28 17:54:48 UTC</createdTime>
<ownerDesignName>data_model</ownerDesignName>
<engineerTo>
<item key="64AD38B3-169F-BB01-6DFC-9F2872F71394" value="true"/>
</engineerTo>
<nullsAllowed>true</nullsAllowed>
<use>0</use>
<logicalDatatype>LOGDT024</logicalDatatype>
<domain>F40CA246-648D-26F5-A3A3-2755B9955AC0</domain>
<ownDataTypeParameters>,,</ownDataTypeParameters>
</Attribute>
<Attribute name="last modified dt" id="E6D682B0-4EA2-641F-C8DB-0C0601D25390">
<createdBy>awarhoka</createdBy>
<createdTime>2018-05-28 17:55:47 UTC</createdTime>
<ownerDesignName>data_model</ownerDesignName>
<engineerTo>
<item key="64AD38B3-169F-BB01-6DFC-9F2872F71394" value="true"/>
</engineerTo>
<nullsAllowed>true</nullsAllowed>
<use>0</use>
<logicalDatatype>LOGDT015</logicalDatatype>
<domain>31AB2DBB-4B97-A93C-6E37-111CB56767DB</domain>
<ownDataTypeParameters>,,</ownDataTypeParameters>
</Attribute>
<Attribute name="remember token" id="DB850922-346F-7942-1FF4-776704070F67">
<createdBy>awarhoka</createdBy>
<createdTime>2018-05-28 18:11:53 UTC</createdTime>
<ownerDesignName>data_model</ownerDesignName>
<engineerTo>
<item key="64AD38B3-169F-BB01-6DFC-9F2872F71394" value="true"/>
</engineerTo>
<nullsAllowed>true</nullsAllowed>
<useDomainConstraints>false</useDomainConstraints>
<use>1</use>
<logicalDatatype>LOGDT024</logicalDatatype>
<dataTypeSize>100 CHAR</dataTypeSize>
<ownDataTypeParameters>100 CHAR,,</ownDataTypeParameters>
</Attribute>
</attributes>
<identifiers itemClass="oracle.dbtools.crest.model.design.logical.CandidateKey">
<identifier id="548FD7E8-70CC-A368-3DAF-2C80429BBAED" name="user_PK">
<createdBy>awarhoka</createdBy>
<createdTime>2018-05-28 17:51:18 UTC</createdTime>
<ownerDesignName>data_model</ownerDesignName>
<shouldEngineer>false</shouldEngineer>
<engineerTo>
<item key="64AD38B3-169F-BB01-6DFC-9F2872F71394" value="false"/>
</engineerTo>
<pk>true</pk>
<newElementsIDs>4C42ECA3-0B80-7B28-2A62-4964E42EA28E</newElementsIDs>
<usedAttributes>
<attributeRef>4C42ECA3-0B80-7B28-2A62-4964E42EA28E</attributeRef>
</usedAttributes>
</identifier>
</identifiers>
</Entity>