<?xml version = '1.0' encoding = 'UTF-8'?>
<Entity class="oracle.dbtools.crest.model.design.logical.Entity" directorySegmentName="seg_0" id="9AF77E46-BC5F-72F6-32AB-A9655B164FE0" name="user role">
<createdBy>awarhoka</createdBy>
<createdTime>2018-05-28 18:04:08 UTC</createdTime>
<ownerDesignName>data_model</ownerDesignName>
<engineerTo>
<item key="64AD38B3-169F-BB01-6DFC-9F2872F71394" value="true"/>
</engineerTo>
<adequatelyNormalized>NO</adequatelyNormalized>
<expectedVolumes>0</expectedVolumes>
<fwdEngineeringStrategyName>Single Table</fwdEngineeringStrategyName>
<growthPercent>0</growthPercent>
<growthType>Year</growthType>
<maxVolumes>9999999</maxVolumes>
<minVolumes>0</minVolumes>
<normalForm>Third</normalForm>
<attributes itemClass="oracle.dbtools.crest.model.design.logical.Attribute">
<Attribute name="user role id" id="DC913EE9-0008-4074-DC09-5E39B81F3B5E">
<createdBy>awarhoka</createdBy>
<createdTime>2018-05-28 18:04:22 UTC</createdTime>
<ownerDesignName>data_model</ownerDesignName>
<engineerTo>
<item key="64AD38B3-169F-BB01-6DFC-9F2872F71394" value="true"/>
</engineerTo>
<useDomainConstraints>false</useDomainConstraints>
<use>1</use>
<logicalDatatype>LOGDT019</logicalDatatype>
<ownDataTypeParameters>,,</ownDataTypeParameters>
</Attribute>
<Attribute name="user id2" id="453FED86-3DC5-5943-EB73-5B7D2084928E">
<createdBy>awarhoka</createdBy>
<createdTime>2018-05-28 19:19:17 UTC</createdTime>
<generatorID>9AA36BFC-FD84-D750-C6E1-44EBE34DF409</generatorID>
<ownerDesignName>data_model</ownerDesignName>
<engineerTo>
<item key="64AD38B3-169F-BB01-6DFC-9F2872F71394" value="true"/>
</engineerTo>
<referedAttribute>4C42ECA3-0B80-7B28-2A62-4964E42EA28E</referedAttribute>
<use>0</use>
<logicalDatatype>LOGDT024</logicalDatatype>
<domain>614CBF18-4EC1-2900-EC3C-2705604D376B</domain>
<ownDataTypeParameters>,,</ownDataTypeParameters>
</Attribute>
<Attribute name="role id1" id="32866521-B385-4C3C-C0EF-2C15DC08A554">
<createdBy>awarhoka</createdBy>
<createdTime>2018-05-28 19:19:17 UTC</createdTime>
<generatorID>BF7D039D-3CE8-1691-141B-93C69D23C9CA</generatorID>
<ownerDesignName>data_model</ownerDesignName>
<engineerTo>
<item key="64AD38B3-169F-BB01-6DFC-9F2872F71394" value="true"/>
</engineerTo>
<referedAttribute>87747AE5-F701-4DB7-62D9-D2D26053A9D2</referedAttribute>
<useDomainConstraints>false</useDomainConstraints>
<use>1</use>
<logicalDatatype>LOGDT019</logicalDatatype>
<ownDataTypeParameters>,,</ownDataTypeParameters>
</Attribute>
<Attribute name="group id1" id="EE68A81B-CF5D-C841-A1E5-06FCF7447BD2">
<createdBy>awarhoka</createdBy>
<createdTime>2018-05-28 20:01:21 UTC</createdTime>
<generatorID>101261E2-6464-5C10-52BE-3A05B10DF94F</generatorID>
<ownerDesignName>data_model</ownerDesignName>
<engineerTo>
<item key="64AD38B3-169F-BB01-6DFC-9F2872F71394" value="true"/>
</engineerTo>
<referedAttribute>7ACA9669-F4CD-95CD-8904-9BE44D61753C</referedAttribute>
<useDomainConstraints>false</useDomainConstraints>
<use>1</use>
<logicalDatatype>LOGDT019</logicalDatatype>
<ownDataTypeParameters>,,</ownDataTypeParameters>
</Attribute>
<Attribute name="last modified by" id="94B0B7C1-7E04-AE53-8061-15246A00999A">
<createdBy>awarhoka</createdBy>
<createdTime>2018-05-28 18:05:29 UTC</createdTime>
<ownerDesignName>data_model</ownerDesignName>
<engineerTo>
<item key="64AD38B3-169F-BB01-6DFC-9F2872F71394" value="true"/>
</engineerTo>
<nullsAllowed>true</nullsAllowed>
<use>0</use>
<logicalDatatype>LOGDT024</logicalDatatype>
<domain>F40CA246-648D-26F5-A3A3-2755B9955AC0</domain>
<ownDataTypeParameters>,,</ownDataTypeParameters>
</Attribute>
<Attribute name="last modified dt" id="8896C7F3-31A8-89A2-92CD-41AA52826A17">
<createdBy>awarhoka</createdBy>
<createdTime>2018-05-28 18:06:08 UTC</createdTime>
<ownerDesignName>data_model</ownerDesignName>
<engineerTo>
<item key="64AD38B3-169F-BB01-6DFC-9F2872F71394" value="true"/>
</engineerTo>
<nullsAllowed>true</nullsAllowed>
<use>0</use>
<logicalDatatype>LOGDT015</logicalDatatype>
<domain>31AB2DBB-4B97-A93C-6E37-111CB56767DB</domain>
<ownDataTypeParameters>,,</ownDataTypeParameters>
</Attribute>
</attributes>
<identifiers itemClass="oracle.dbtools.crest.model.design.logical.CandidateKey">
<identifier id="C6515BB9-4F34-70B3-DB52-9487069958DA" name="user_role_PK">
<createdBy>awarhoka</createdBy>
<createdTime>2018-05-28 18:30:43 UTC</createdTime>
<ownerDesignName>data_model</ownerDesignName>
<engineerTo>
<item key="64AD38B3-169F-BB01-6DFC-9F2872F71394" value="true"/>
</engineerTo>
<pk>true</pk>
<usedAttributes>
<attributeRef>32866521-B385-4C3C-C0EF-2C15DC08A554</attributeRef>
<attributeRef>453FED86-3DC5-5943-EB73-5B7D2084928E</attributeRef>
<attributeRef>DC913EE9-0008-4074-DC09-5E39B81F3B5E</attributeRef>
<attributeRef>EE68A81B-CF5D-C841-A1E5-06FCF7447BD2</attributeRef>
</usedAttributes>
</identifier>
</identifiers>
</Entity>