<?xml version = '1.0' encoding = 'UTF-8'?>
<Entity class="oracle.dbtools.crest.model.design.logical.Entity" directorySegmentName="seg_0" id="C0162CA8-0303-6CB9-246E-29D28D084403" name="user group">
<createdBy>awarhoka</createdBy>
<createdTime>2018-05-28 18:07:00 UTC</createdTime>
<ownerDesignName>data_model</ownerDesignName>
<engineerTo>
<item key="64AD38B3-169F-BB01-6DFC-9F2872F71394" value="true"/>
</engineerTo>
<adequatelyNormalized>NO</adequatelyNormalized>
<expectedVolumes>0</expectedVolumes>
<fwdEngineeringStrategyName>Single Table</fwdEngineeringStrategyName>
<growthPercent>0</growthPercent>
<growthType>Year</growthType>
<maxVolumes>9999999</maxVolumes>
<minVolumes>0</minVolumes>
<normalForm>Third</normalForm>
<attributes itemClass="oracle.dbtools.crest.model.design.logical.Attribute">
<Attribute name="id" id="80C62102-F1A0-7A44-1053-D763CCAB3667">
<createdBy>awarhoka</createdBy>
<createdTime>2018-05-28 19:14:18 UTC</createdTime>
<ownerDesignName>data_model</ownerDesignName>
<engineerTo>
<item key="64AD38B3-169F-BB01-6DFC-9F2872F71394" value="true"/>
</engineerTo>
<useDomainConstraints>false</useDomainConstraints>
<use>1</use>
<logicalDatatype>LOGDT019</logicalDatatype>
<ownDataTypeParameters>,,</ownDataTypeParameters>
</Attribute>
<Attribute name="user_id" id="4641113A-1C3A-E3AB-6349-E0C0F76335E6">
<createdBy>awarhoka</createdBy>
<createdTime>2018-05-28 19:13:52 UTC</createdTime>
<ownerDesignName>data_model</ownerDesignName>
<engineerTo>
<item key="64AD38B3-169F-BB01-6DFC-9F2872F71394" value="true"/>
</engineerTo>
<nullsAllowed>true</nullsAllowed>
<use>0</use>
<logicalDatatype>LOGDT024</logicalDatatype>
<domain>614CBF18-4EC1-2900-EC3C-2705604D376B</domain>
<ownDataTypeParameters>,,</ownDataTypeParameters>
</Attribute>
<Attribute name="group id" id="031075BE-22AC-0836-97D7-336DACA7F45C">
<createdBy>awarhoka</createdBy>
<createdTime>2018-05-28 18:07:00 UTC</createdTime>
<ownerDesignName>data_model</ownerDesignName>
<engineerTo>
<item key="64AD38B3-169F-BB01-6DFC-9F2872F71394" value="true"/>
</engineerTo>
<nullsAllowed>true</nullsAllowed>
<useDomainConstraints>false</useDomainConstraints>
<use>1</use>
<logicalDatatype>LOGDT019</logicalDatatype>
<ownDataTypeParameters>,,</ownDataTypeParameters>
</Attribute>
<Attribute name="last modified by" id="B097C488-3959-6C12-3F6D-F6BA1018509F">
<createdBy>awarhoka</createdBy>
<createdTime>2018-05-28 18:07:00 UTC</createdTime>
<ownerDesignName>data_model</ownerDesignName>
<engineerTo>
<item key="64AD38B3-169F-BB01-6DFC-9F2872F71394" value="true"/>
</engineerTo>
<nullsAllowed>true</nullsAllowed>
<use>0</use>
<logicalDatatype>LOGDT024</logicalDatatype>
<domain>F40CA246-648D-26F5-A3A3-2755B9955AC0</domain>
<ownDataTypeParameters>,,</ownDataTypeParameters>
</Attribute>
<Attribute name="last modified dt" id="C0432EA5-DD7F-A7D3-FA2F-97223D8AA121">
<createdBy>awarhoka</createdBy>
<createdTime>2018-05-28 18:07:00 UTC</createdTime>
<ownerDesignName>data_model</ownerDesignName>
<engineerTo>
<item key="64AD38B3-169F-BB01-6DFC-9F2872F71394" value="true"/>
</engineerTo>
<nullsAllowed>true</nullsAllowed>
<use>0</use>
<logicalDatatype>LOGDT015</logicalDatatype>
<domain>31AB2DBB-4B97-A93C-6E37-111CB56767DB</domain>
<ownDataTypeParameters>,,</ownDataTypeParameters>
</Attribute>
<Attribute name="user group id" id="D8FD434B-3E87-51BC-84CB-7C6E1F1069D9">
<createdBy>awarhoka</createdBy>
<createdTime>2018-05-28 19:19:17 UTC</createdTime>
<generatorID>8A50722B-15D7-7A65-BD35-B23236037C8A</generatorID>
<ownerDesignName>data_model</ownerDesignName>
<engineerTo>
<item key="64AD38B3-169F-BB01-6DFC-9F2872F71394" value="true"/>
</engineerTo>
<useDomainConstraints>false</useDomainConstraints>
<use>1</use>
<logicalDatatype>LOGDT019</logicalDatatype>
<ownDataTypeParameters>,,</ownDataTypeParameters>
</Attribute>
<Attribute name="user id" id="4425BBA0-A620-499F-8D78-1E998981F1E2">
<createdBy>awarhoka</createdBy>
<createdTime>2018-05-28 19:19:17 UTC</createdTime>
<generatorID>CA76B5F0-7ABC-8BFC-271F-814DDC5219AE</generatorID>
<ownerDesignName>data_model</ownerDesignName>
<engineerTo>
<item key="64AD38B3-169F-BB01-6DFC-9F2872F71394" value="true"/>
</engineerTo>
<nullsAllowed>true</nullsAllowed>
<use>0</use>
<logicalDatatype>LOGDT024</logicalDatatype>
<domain>614CBF18-4EC1-2900-EC3C-2705604D376B</domain>
<ownDataTypeParameters>,,</ownDataTypeParameters>
</Attribute>
<Attribute name="user id2" id="5BD26DCC-3D4E-8591-23D1-1DD9536813F8">
<createdBy>awarhoka</createdBy>
<createdTime>2018-05-28 19:19:17 UTC</createdTime>
<generatorID>EC4CD1CD-8852-70B1-6F22-B0C66B711E48</generatorID>
<ownerDesignName>data_model</ownerDesignName>
<engineerTo>
<item key="64AD38B3-169F-BB01-6DFC-9F2872F71394" value="true"/>
</engineerTo>
<referedAttribute>4C42ECA3-0B80-7B28-2A62-4964E42EA28E</referedAttribute>
<use>0</use>
<logicalDatatype>LOGDT024</logicalDatatype>
<domain>614CBF18-4EC1-2900-EC3C-2705604D376B</domain>
<ownDataTypeParameters>,,</ownDataTypeParameters>
</Attribute>
<Attribute name="group id1" id="792B21BB-1C2D-D243-D0AD-5A0D92EB8432">
<createdBy>awarhoka</createdBy>
<createdTime>2018-05-28 19:19:17 UTC</createdTime>
<generatorID>BBEE7DAC-7B31-E0C4-EA75-56E6710C1DB7</generatorID>
<ownerDesignName>data_model</ownerDesignName>
<engineerTo>
<item key="64AD38B3-169F-BB01-6DFC-9F2872F71394" value="true"/>
</engineerTo>
<referedAttribute>7ACA9669-F4CD-95CD-8904-9BE44D61753C</referedAttribute>
<useDomainConstraints>false</useDomainConstraints>
<use>1</use>
<logicalDatatype>LOGDT019</logicalDatatype>
<ownDataTypeParameters>,,</ownDataTypeParameters>
</Attribute>
</attributes>
<identifiers itemClass="oracle.dbtools.crest.model.design.logical.CandidateKey">
<identifier id="72072E31-6CEC-E5D2-7D87-521893E2A2B9" name="user_group_PK">
<createdBy>awarhoka</createdBy>
<createdTime>2018-05-28 18:32:05 UTC</createdTime>
<ownerDesignName>data_model</ownerDesignName>
<shouldEngineer>false</shouldEngineer>
<engineerTo>
<item key="64AD38B3-169F-BB01-6DFC-9F2872F71394" value="false"/>
</engineerTo>
<pk>true</pk>
<usedAttributes>
<attributeRef>5BD26DCC-3D4E-8591-23D1-1DD9536813F8</attributeRef>
<attributeRef>792B21BB-1C2D-D243-D0AD-5A0D92EB8432</attributeRef>
<attributeRef>D8FD434B-3E87-51BC-84CB-7C6E1F1069D9</attributeRef>
</usedAttributes>
</identifier>
</identifiers>
</Entity>