<?xml version = '1.0' encoding = 'UTF-8'?>
<Entity class="oracle.dbtools.crest.model.design.logical.Entity" directorySegmentName="seg_0" id="ED5231D3-9DAC-064E-A81F-6DF24E8C0549" name="role dm">
<createdBy>awarhoka</createdBy>
<createdTime>2018-05-28 17:58:20 UTC</createdTime>
<ownerDesignName>data_model</ownerDesignName>
<engineerTo>
<item key="64AD38B3-169F-BB01-6DFC-9F2872F71394" value="true"/>
</engineerTo>
<adequatelyNormalized>NO</adequatelyNormalized>
<expectedVolumes>0</expectedVolumes>
<fwdEngineeringStrategyName>Single Table</fwdEngineeringStrategyName>
<growthPercent>0</growthPercent>
<growthType>Year</growthType>
<maxVolumes>9999999</maxVolumes>
<minVolumes>0</minVolumes>
<normalForm>Third</normalForm>
<attributes itemClass="oracle.dbtools.crest.model.design.logical.Attribute">
<Attribute name="role id" id="87747AE5-F701-4DB7-62D9-D2D26053A9D2">
<createdBy>awarhoka</createdBy>
<createdTime>2018-05-28 17:58:39 UTC</createdTime>
<ownerDesignName>data_model</ownerDesignName>
<engineerTo>
<item key="64AD38B3-169F-BB01-6DFC-9F2872F71394" value="true"/>
</engineerTo>
<useDomainConstraints>false</useDomainConstraints>
<use>1</use>
<logicalDatatype>LOGDT019</logicalDatatype>
<ownDataTypeParameters>,,</ownDataTypeParameters>
</Attribute>
<Attribute name="name" id="70ECC47C-B59C-D978-25D4-23FAF02F2D6E">
<createdBy>awarhoka</createdBy>
<createdTime>2018-05-28 17:59:01 UTC</createdTime>
<ownerDesignName>data_model</ownerDesignName>
<engineerTo>
<item key="64AD38B3-169F-BB01-6DFC-9F2872F71394" value="true"/>
</engineerTo>
<nullsAllowed>true</nullsAllowed>
<use>0</use>
<logicalDatatype>LOGDT024</logicalDatatype>
<domain>8A6C9022-466D-C167-FB18-5119A8E7BA84</domain>
<ownDataTypeParameters>,,</ownDataTypeParameters>
</Attribute>
<Attribute name="type" id="9D9DEE3D-948B-6B2A-01EB-33FFBA471646">
<createdBy>awarhoka</createdBy>
<createdTime>2018-05-28 17:59:42 UTC</createdTime>
<ownerDesignName>data_model</ownerDesignName>
<engineerTo>
<item key="64AD38B3-169F-BB01-6DFC-9F2872F71394" value="true"/>
</engineerTo>
<nullsAllowed>true</nullsAllowed>
<useDomainConstraints>false</useDomainConstraints>
<use>1</use>
<logicalDatatype>LOGDT019</logicalDatatype>
<ownDataTypeParameters>,,</ownDataTypeParameters>
</Attribute>
<Attribute name="status id" id="58ED11A2-32A7-70A4-56A6-980FB6BF7482">
<createdBy>awarhoka</createdBy>
<createdTime>2018-05-28 18:00:08 UTC</createdTime>
<ownerDesignName>data_model</ownerDesignName>
<engineerTo>
<item key="64AD38B3-169F-BB01-6DFC-9F2872F71394" value="true"/>
</engineerTo>
<nullsAllowed>true</nullsAllowed>
<useDomainConstraints>false</useDomainConstraints>
<use>1</use>
<logicalDatatype>LOGDT019</logicalDatatype>
<ownDataTypeParameters>,,</ownDataTypeParameters>
</Attribute>
<Attribute name="last modified by" id="0458B012-98C9-5B23-413F-043B1FC37AF0">
<createdBy>awarhoka</createdBy>
<createdTime>2018-05-28 18:01:11 UTC</createdTime>
<ownerDesignName>data_model</ownerDesignName>
<engineerTo>
<item key="64AD38B3-169F-BB01-6DFC-9F2872F71394" value="true"/>
</engineerTo>
<nullsAllowed>true</nullsAllowed>
<use>0</use>
<logicalDatatype>LOGDT024</logicalDatatype>
<domain>F40CA246-648D-26F5-A3A3-2755B9955AC0</domain>
<ownDataTypeParameters>,,</ownDataTypeParameters>
</Attribute>
<Attribute name="last modified dt" id="64E1011E-7749-2718-244A-A71A90D5B64C">
<createdBy>awarhoka</createdBy>
<createdTime>2018-05-28 18:01:23 UTC</createdTime>
<ownerDesignName>data_model</ownerDesignName>
<engineerTo>
<item key="64AD38B3-169F-BB01-6DFC-9F2872F71394" value="true"/>
</engineerTo>
<nullsAllowed>true</nullsAllowed>
<use>0</use>
<logicalDatatype>LOGDT015</logicalDatatype>
<domain>31AB2DBB-4B97-A93C-6E37-111CB56767DB</domain>
<ownDataTypeParameters>,,</ownDataTypeParameters>
</Attribute>
</attributes>
<identifiers itemClass="oracle.dbtools.crest.model.design.logical.CandidateKey">
<identifier id="9C6B2C8B-97CB-DE78-9676-3C6AE2354E0F" name="role_dm_PK">
<createdBy>awarhoka</createdBy>
<createdTime>2018-05-28 17:58:54 UTC</createdTime>
<ownerDesignName>data_model</ownerDesignName>
<shouldEngineer>false</shouldEngineer>
<engineerTo>
<item key="64AD38B3-169F-BB01-6DFC-9F2872F71394" value="false"/>
</engineerTo>
<pk>true</pk>
<usedAttributes>
<attributeRef>87747AE5-F701-4DB7-62D9-D2D26053A9D2</attributeRef>
</usedAttributes>
</identifier>
</identifiers>
</Entity>