<?xml version = '1.0' encoding = 'UTF-8'?>
<Table class="oracle.dbtools.crest.model.design.relational.Table" directorySegmentName="seg_0" id="2CDFDBE9-7F33-FE04-CAFF-4AB8B9AB9402" name="user_access">
<createdBy>awarhoka</createdBy>
<createdTime>2018-05-29 05:28:50 UTC</createdTime>
<generatorID>46CBA9D9-124F-EA1F-A8B9-408A12EB2449</generatorID>
<ownerDesignName>data_model</ownerDesignName>
<allowColumnReorder>false</allowColumnReorder>
<existDependencyGenerateInDDl>true</existDependencyGenerateInDDl>
<parsed>true</parsed>
<columns itemClass="oracle.dbtools.crest.model.design.relational.Column">
<Column name="password" id="CAD1862C-604A-EA3D-E92E-28620C3390E7">
<createdBy>awarhoka</createdBy>
<createdTime>2018-05-29 05:28:50 UTC</createdTime>
<generatorID>62C232DC-57CD-508F-1B78-338BD42B444A</generatorID>
<ownerDesignName>data_model</ownerDesignName>
<nullsAllowed>true</nullsAllowed>
<useDomainConstraints>false</useDomainConstraints>
<use>1</use>
<logicalDatatype>LOGDT024</logicalDatatype>
<dataTypeSize>100 BYTE</dataTypeSize>
<ownDataTypeParameters>100 BYTE,,</ownDataTypeParameters>
<autoIncrementCycle>false</autoIncrementCycle>
</Column>
<Column name="user_id" id="A4A58675-0A18-ECB5-8317-9FF9885A572E">
<createdBy>awarhoka</createdBy>
<createdTime>2018-05-29 05:28:50 UTC</createdTime>
<generatorID>20293977-B236-D3F6-3411-44A39E6CDC09</generatorID>
<ownerDesignName>data_model</ownerDesignName>
<use>0</use>
<logicalDatatype>LOGDT024</logicalDatatype>
<domain>614CBF18-4EC1-2900-EC3C-2705604D376B</domain>
<ownDataTypeParameters>,,</ownDataTypeParameters>
<previousColumn>false</previousColumn>
<autoIncrementCycle>false</autoIncrementCycle>
<associations>
<colAssociation fkAssociation="615DDC39-995E-15D6-8465-77F932FB5F42" referredColumn="083CF46F-9108-12AB-9862-643800444FD6"/>
</associations>
</Column>
</columns>
<indexes itemClass="oracle.dbtools.crest.model.design.relational.Index">
<ind_PK_UK id="88E7D52E-C8FE-3A70-1F9B-FA57209C0963" name="user_access__IDX">
<createdBy>awarhoka</createdBy>
<createdTime>2018-05-29 05:28:50 UTC</createdTime>
<ownerDesignName>data_model</ownerDesignName>
<indexState>Unique Plain Index</indexState>
<isSurrogateKey>false</isSurrogateKey>
<relationGeneratorID>CA77695E-96B1-D833-CDDA-06FD2940D622</relationGeneratorID>
<indexColumnUsage>
<colUsage columnID="A4A58675-0A18-ECB5-8317-9FF9885A572E"/>
</indexColumnUsage>
</ind_PK_UK>
<ind_PK_UK id="EED4B1B5-C783-D2F9-B05B-8B7E54593929" name="user_access_user_FK">
<createdBy>awarhoka</createdBy>
<createdTime>2018-05-29 05:28:50 UTC</createdTime>
<generatorID>CA77695E-96B1-D833-CDDA-06FD2940D622</generatorID>
<ownerDesignName>data_model</ownerDesignName>
<indexState>Foreign Key</indexState>
<isSurrogateKey>false</isSurrogateKey>
<indexColumnUsage>
<colUsage columnID="A4A58675-0A18-ECB5-8317-9FF9885A572E"/>
</indexColumnUsage>
</ind_PK_UK>
</indexes>
</Table>