<?xml version = '1.0' encoding = 'UTF-8'?>
<Table class="oracle.dbtools.crest.model.design.relational.Table" directorySegmentName="seg_0" id="66AC91F9-F2AC-6E42-D5B2-FCA56B9CA49A" name="permission_role">
<createdBy>awarhoka</createdBy>
<createdTime>2018-05-28 18:59:55 UTC</createdTime>
<generatorID>103EDD08-7AF6-4AA1-978D-67F0B6557698</generatorID>
<ownerDesignName>data_model</ownerDesignName>
<allowColumnReorder>false</allowColumnReorder>
<existDependencyGenerateInDDl>true</existDependencyGenerateInDDl>
<parsed>true</parsed>
<columns itemClass="oracle.dbtools.crest.model.design.relational.Column">
<Column name="permission_role_id" id="40CA2885-1444-848C-D089-3C9BD6E194BC">
<createdBy>awarhoka</createdBy>
<createdTime>2018-05-28 18:59:55 UTC</createdTime>
<generatorID>5709A83F-0915-E28E-4AD9-421737EFC661</generatorID>
<ownerDesignName>data_model</ownerDesignName>
<useDomainConstraints>false</useDomainConstraints>
<use>1</use>
<logicalDatatype>LOGDT019</logicalDatatype>
<ownDataTypeParameters>,,</ownDataTypeParameters>
<previousColumn>false</previousColumn>
<autoIncrementCycle>false</autoIncrementCycle>
<associations>
<colAssociation fkAssociation="A4E4113B-1AC7-CAB6-309A-9239ACBA6CF2" referredColumn="1C6C9659-B5EF-C0CF-C6A9-CB2BCF9A6E3D"/>
</associations>
</Column>
<Column name="role_id" id="B2A588DC-BB06-DCAD-FD66-4AE00FE1AD3B">
<createdBy>awarhoka</createdBy>
<createdTime>2018-05-28 18:59:55 UTC</createdTime>
<generatorID>4E90C9C8-F702-CFF3-86E0-7686383EAA23</generatorID>
<ownerDesignName>data_model</ownerDesignName>
<nullsAllowed>true</nullsAllowed>
<useDomainConstraints>false</useDomainConstraints>
<use>1</use>
<logicalDatatype>LOGDT019</logicalDatatype>
<ownDataTypeParameters>,,</ownDataTypeParameters>
<autoIncrementCycle>false</autoIncrementCycle>
</Column>
<Column name="permission_id" id="B4E62BD4-2009-B288-8F3F-68BF69EDA341">
<createdBy>awarhoka</createdBy>
<createdTime>2018-05-28 19:29:04 UTC</createdTime>
<ownerDesignName>data_model</ownerDesignName>
<useDomainConstraints>false</useDomainConstraints>
<use>1</use>
<logicalDatatype>LOGDT019</logicalDatatype>
<ownDataTypeParameters>,,</ownDataTypeParameters>
<previousColumn>false</previousColumn>
<autoIncrementCycle>false</autoIncrementCycle>
<associations>
<colAssociation fkAssociation="F8438C92-A3CD-1D2E-B153-12C57853D6D3" referredColumn="893D2CDF-62BF-3ABE-685F-26761224CD1D"/>
</associations>
</Column>
<Column name="last_modified_by" id="947BAEE5-D802-7146-460B-33C0F0BE3827">
<createdBy>awarhoka</createdBy>
<createdTime>2018-05-28 18:59:55 UTC</createdTime>
<generatorID>ABFEB139-C087-96BA-4C53-9F3F25ABC616</generatorID>
<ownerDesignName>data_model</ownerDesignName>
<nullsAllowed>true</nullsAllowed>
<use>0</use>
<logicalDatatype>LOGDT024</logicalDatatype>
<domain>F40CA246-648D-26F5-A3A3-2755B9955AC0</domain>
<ownDataTypeParameters>,,</ownDataTypeParameters>
<autoIncrementCycle>false</autoIncrementCycle>
</Column>
<Column name="last_modified_dt" id="5AE7CF0D-B361-5FD6-0BEC-C530244B189F">
<createdBy>awarhoka</createdBy>
<createdTime>2018-05-28 18:59:55 UTC</createdTime>
<generatorID>1063DDF4-391F-F82F-40E6-420F0ADDAA38</generatorID>
<ownerDesignName>data_model</ownerDesignName>
<nullsAllowed>true</nullsAllowed>
<use>0</use>
<logicalDatatype>LOGDT015</logicalDatatype>
<domain>31AB2DBB-4B97-A93C-6E37-111CB56767DB</domain>
<ownDataTypeParameters>,,</ownDataTypeParameters>
<autoIncrementCycle>false</autoIncrementCycle>
</Column>
<Column name="permission_role_id2" id="FF915A51-F57B-94B1-1F38-F9F7748B57E6">
<createdBy>awarhoka</createdBy>
<createdTime>2018-05-28 19:56:06 UTC</createdTime>
<generatorID>DDF308D3-8A57-B545-4CAB-F79B33426B0E</generatorID>
<ownerDesignName>data_model</ownerDesignName>
<nullsAllowed>true</nullsAllowed>
<useDomainConstraints>false</useDomainConstraints>
<use>1</use>
<logicalDatatype>LOGDT019</logicalDatatype>
<ownDataTypeParameters>,,</ownDataTypeParameters>
<autoIncrementCycle>false</autoIncrementCycle>
</Column>
<Column name="permission_dm_permission_dm_ID" id="7A522883-FA06-B01D-DE2F-1B1A9744CBA0">
<createdBy>awarhoka</createdBy>
<createdTime>2018-05-28 19:56:06 UTC</createdTime>
<ownerDesignName>data_model</ownerDesignName>
<useDomainConstraints>false</useDomainConstraints>
<use>1</use>
<logicalDatatype>LOGDT019</logicalDatatype>
<ownDataTypeParameters>,,</ownDataTypeParameters>
<previousColumn>false</previousColumn>
<autoIncrementCycle>false</autoIncrementCycle>
<associations>
<colAssociation fkAssociation="F8438C92-A3CD-1D2E-B153-12C57853D6D3" referredColumn="B0D3DEBF-7A57-2F24-4C90-52723D06822F"/>
</associations>
</Column>
</columns>
<indexes itemClass="oracle.dbtools.crest.model.design.relational.Index">
<ind_PK_UK id="E53B56E0-03AE-A2A5-A397-CF9547C60B3E" name="permission_role_PK">
<createdBy>awarhoka</createdBy>
<createdTime>2018-05-28 18:59:55 UTC</createdTime>
<generatorID>3393EE5F-8486-FF98-ACCA-1F879935CE96</generatorID>
<ownerDesignName>data_model</ownerDesignName>
<pk>true</pk>
<indexState>Primary Constraint</indexState>
<isSurrogateKey>false</isSurrogateKey>
<indexColumnUsage>
<colUsage columnID="40CA2885-1444-848C-D089-3C9BD6E194BC"/>
</indexColumnUsage>
</ind_PK_UK>
<ind_PK_UK id="94D9002B-1114-EE34-2433-F430589476A0" name="permission_role_IDX">
<createdBy>awarhoka</createdBy>
<createdTime>2018-05-28 19:50:52 UTC</createdTime>
<ownerDesignName>data_model</ownerDesignName>
<isSurrogateKey>false</isSurrogateKey>
<indexColumnUsage>
<colUsage columnID="40CA2885-1444-848C-D089-3C9BD6E194BC"/>
</indexColumnUsage>
</ind_PK_UK>
<ind_PK_UK id="27CFD74E-8ED1-20C5-FE16-A6D90BA9E42E" name="permission_role_permission_dm_FK">
<createdBy>awarhoka</createdBy>
<createdTime>2018-05-28 18:59:55 UTC</createdTime>
<generatorID>9207ED20-405E-4BE0-F721-C8D912D480E6</generatorID>
<ownerDesignName>data_model</ownerDesignName>
<indexState>Foreign Key</indexState>
<isSurrogateKey>false</isSurrogateKey>
<indexColumnUsage>
<colUsage columnID="B4E62BD4-2009-B288-8F3F-68BF69EDA341"/>
<colUsage columnID="7A522883-FA06-B01D-DE2F-1B1A9744CBA0"/>
</indexColumnUsage>
</ind_PK_UK>
<ind_PK_UK id="83AAE244-D73C-2971-62AA-63E308219098" name="permission_role_role_dm_FK">
<createdBy>awarhoka</createdBy>
<createdTime>2018-05-28 18:59:55 UTC</createdTime>
<generatorID>84FDF76B-ABDF-701E-684F-06C411579144</generatorID>
<ownerDesignName>data_model</ownerDesignName>
<indexState>Foreign Key</indexState>
<isSurrogateKey>false</isSurrogateKey>
<indexColumnUsage>
<colUsage columnID="40CA2885-1444-848C-D089-3C9BD6E194BC"/>
</indexColumnUsage>
</ind_PK_UK>
</indexes>
</Table>