<?xml version = '1.0' encoding = 'UTF-8'?>
<Table class="oracle.dbtools.crest.model.design.relational.Table" directorySegmentName="seg_0" id="B7CE8361-6023-908B-A80F-928EC9D4723C" name="group_dm">
<createdBy>awarhoka</createdBy>
<createdTime>2018-05-28 18:59:55 UTC</createdTime>
<generatorID>173D1FBF-C250-2CBB-75D3-0D3F430FBDC3</generatorID>
<ownerDesignName>data_model</ownerDesignName>
<allowColumnReorder>false</allowColumnReorder>
<existDependencyGenerateInDDl>true</existDependencyGenerateInDDl>
<parsed>true</parsed>
<columns itemClass="oracle.dbtools.crest.model.design.relational.Column">
<Column name="group_id" id="938E3A2F-4AB2-3783-AE87-BEB9131F1D0A">
<createdBy>awarhoka</createdBy>
<createdTime>2018-05-28 18:59:55 UTC</createdTime>
<generatorID>7ACA9669-F4CD-95CD-8904-9BE44D61753C</generatorID>
<ownerDesignName>data_model</ownerDesignName>
<useDomainConstraints>false</useDomainConstraints>
<use>1</use>
<logicalDatatype>LOGDT019</logicalDatatype>
<ownDataTypeParameters>,,</ownDataTypeParameters>
<autoIncrementCycle>false</autoIncrementCycle>
</Column>
<Column name="name" id="7A55DF43-4472-1A3A-F5B5-3C518C7BB4E7">
<createdBy>awarhoka</createdBy>
<createdTime>2018-05-28 18:59:55 UTC</createdTime>
<generatorID>5A4CB18E-0EE8-D402-612F-B50C49B46F1B</generatorID>
<ownerDesignName>data_model</ownerDesignName>
<nullsAllowed>true</nullsAllowed>
<use>0</use>
<logicalDatatype>LOGDT024</logicalDatatype>
<domain>8A6C9022-466D-C167-FB18-5119A8E7BA84</domain>
<ownDataTypeParameters>,,</ownDataTypeParameters>
<autoIncrementCycle>false</autoIncrementCycle>
</Column>
<Column name="type" id="B6DB349D-6006-B1FB-BEBD-8F3954FC7B41">
<createdBy>awarhoka</createdBy>
<createdTime>2018-05-28 18:59:55 UTC</createdTime>
<generatorID>54E78499-2B4B-8665-E25E-0D31665DA56F</generatorID>
<ownerDesignName>data_model</ownerDesignName>
<nullsAllowed>true</nullsAllowed>
<useDomainConstraints>false</useDomainConstraints>
<use>1</use>
<logicalDatatype>LOGDT019</logicalDatatype>
<ownDataTypeParameters>,,</ownDataTypeParameters>
<autoIncrementCycle>false</autoIncrementCycle>
</Column>
<Column name="status_id" id="ADDD1111-E862-5662-5891-3480368F074F">
<createdBy>awarhoka</createdBy>
<createdTime>2018-05-28 18:59:55 UTC</createdTime>
<generatorID>49F514EB-2DF6-9819-14CA-D15A98A57742</generatorID>
<ownerDesignName>data_model</ownerDesignName>
<nullsAllowed>true</nullsAllowed>
<useDomainConstraints>false</useDomainConstraints>
<use>1</use>
<logicalDatatype>LOGDT019</logicalDatatype>
<ownDataTypeParameters>,,</ownDataTypeParameters>
<autoIncrementCycle>false</autoIncrementCycle>
</Column>
<Column name="last_modified_by" id="D0812120-3DE1-EF24-0B3E-F30B8C406DD4">
<createdBy>awarhoka</createdBy>
<createdTime>2018-05-28 18:59:55 UTC</createdTime>
<generatorID>D01B29BF-753A-1DF2-D5CB-FE93455CDB74</generatorID>
<ownerDesignName>data_model</ownerDesignName>
<nullsAllowed>true</nullsAllowed>
<use>0</use>
<logicalDatatype>LOGDT024</logicalDatatype>
<domain>F40CA246-648D-26F5-A3A3-2755B9955AC0</domain>
<ownDataTypeParameters>,,</ownDataTypeParameters>
<autoIncrementCycle>false</autoIncrementCycle>
</Column>
<Column name="last_modified_dt" id="33BF8CFF-0BF2-D24F-8644-BF5FF122446B">
<createdBy>awarhoka</createdBy>
<createdTime>2018-05-28 18:59:55 UTC</createdTime>
<generatorID>A77B7DF1-C7C8-3009-7B75-4C52231C0972</generatorID>
<ownerDesignName>data_model</ownerDesignName>
<nullsAllowed>true</nullsAllowed>
<use>0</use>
<logicalDatatype>LOGDT015</logicalDatatype>
<domain>31AB2DBB-4B97-A93C-6E37-111CB56767DB</domain>
<ownDataTypeParameters>,,</ownDataTypeParameters>
<autoIncrementCycle>false</autoIncrementCycle>
</Column>
</columns>
<indexes itemClass="oracle.dbtools.crest.model.design.relational.Index">
<ind_PK_UK id="673C170E-D5D9-B13C-59FB-A70A8A3DF8B8" name="group_dm_PK">
<createdBy>awarhoka</createdBy>
<createdTime>2018-05-28 18:59:55 UTC</createdTime>
<generatorID>ED3312B8-E14E-D443-4358-730AA24ACD2D</generatorID>
<ownerDesignName>data_model</ownerDesignName>
<pk>true</pk>
<indexState>Primary Constraint</indexState>
<isSurrogateKey>false</isSurrogateKey>
<indexColumnUsage>
<colUsage columnID="938E3A2F-4AB2-3783-AE87-BEB9131F1D0A"/>
</indexColumnUsage>
</ind_PK_UK>
<ind_PK_UK id="18405DC7-9E72-B5A9-2E83-CC7B92AE764C" name="group_dm_IDX">
<createdBy>awarhoka</createdBy>
<createdTime>2018-05-28 19:50:27 UTC</createdTime>
<ownerDesignName>data_model</ownerDesignName>
<isSurrogateKey>false</isSurrogateKey>
<indexColumnUsage>
<colUsage columnID="938E3A2F-4AB2-3783-AE87-BEB9131F1D0A"/>
</indexColumnUsage>
</ind_PK_UK>
</indexes>
</Table>